METHOD,PATH,FILE,SCOPE,AUTH
POST,"/admin/empresas",admin.routes.ts,protected,true
POST,"/admin/usuarios",admin.routes.ts,protected,true
POST,"/admin/usuarios/:userId/empresas/:companyId",admin.routes.ts,protected,true
GET,"/annual-accounts/:id/download",registroMercantil.routes.ts,protected,true
POST,"/annual-accounts/:id/filing",registroMercantil.routes.ts,protected,true
POST,"/annual-accounts/:id/resolution",registroMercantil.routes.ts,protected,true
GET,"/auth/health",auth.routes.ts,public,false
POST,"/auth/logout",auth.routes.ts,public,false
POST,"/auth/refresh",auth.routes.ts,public,false
GET,"/books/:bookId/download",registroMercantil.routes.ts,protected,true
GET,"/companies/:companyId/accounting/chart-of-accounts/",chart-of-accounts.routes.ts,scoped,true
POST,"/companies/:companyId/accounting/chart-of-accounts/",chart-of-accounts.routes.ts,scoped,true
GET,"/companies/:companyId/accounting/chart-of-accounts/:codigo",chart-of-accounts.routes.ts,scoped,true
PATCH,"/companies/:companyId/accounting/chart-of-accounts/:id",chart-of-accounts.routes.ts,scoped,true
GET,"/companies/:companyId/accounting/chart-of-accounts/arbol",chart-of-accounts.routes.ts,scoped,true
POST,"/companies/:companyId/accounting/chart-of-accounts/init",chart-of-accounts.routes.ts,scoped,true
GET,"/companies/:companyId/accounting/closures/",accounting-closure.routes.ts,scoped,true
POST,"/companies/:companyId/accounting/closures/",accounting-closure.routes.ts,scoped,true
GET,"/companies/:companyId/accounting/closures/:ejercicio",accounting-closure.routes.ts,scoped,true
GET,"/companies/:companyId/accounting/closures/:ejercicio/files",accounting-closure.routes.ts,scoped,true
PATCH,"/companies/:companyId/accounting/closures/:ejercicio/status",accounting-closure.routes.ts,scoped,true
POST,"/companies/:companyId/accounting/closures/:ejercicio/upload",accounting-closure.routes.ts,scoped,true
GET,"/companies/:companyId/accounting/closures/comparativas/:ej1/:ej2",accounting-closure.routes.ts,scoped,true
GET,"/companies/:companyId/accounting/closures/prior-years",accounting-closure.routes.ts,scoped,true
POST,"/companies/:companyId/accounting/closures/prior-years",accounting-closure.routes.ts,scoped,true
GET,"/companies/:companyId/accounting/closures/prior-years/:ejercicio",accounting-closure.routes.ts,scoped,true
POST,"/companies/:companyId/accounting/contabilizar/:invoiceId",accounting-engine.routes.ts,scoped,true
GET,"/companies/:companyId/accounting/journal-entries",accounting-engine.routes.ts,scoped,true
GET,"/companies/:companyId/accounting/journal-entries/:journalEntryId",accounting-engine.routes.ts,scoped,true
POST,"/companies/:companyId/accounting/journal-entries/:journalEntryId/approve",accounting-engine.routes.ts,scoped,true
PATCH,"/companies/:companyId/accounting/journal-entries/:journalEntryId/lines/:lineId",accounting-engine.routes.ts,scoped,true
POST,"/companies/:companyId/accounting/journal-entries/:journalEntryId/recalculate",accounting-engine.routes.ts,scoped,true
GET,"/companies/:companyId/bancos/cuentas",bancos.routes.ts,scoped,true
POST,"/companies/:companyId/bancos/cuentas",bancos.routes.ts,scoped,true
POST,"/companies/:companyId/bancos/cuentas/:cuentaId/importar-csv",bancos.routes.ts,scoped,true
GET,"/companies/:companyId/bancos/movimientos",bancos.routes.ts,scoped,true
POST,"/companies/:companyId/bancos/movimientos/:movId/conciliar-cuenta",bancos.routes.ts,scoped,true
POST,"/companies/:companyId/bancos/movimientos/:movId/conciliar-factura",bancos.routes.ts,scoped,true
POST,"/companies/:companyId/chat-assistant/",chatAssistant.routes.ts,scoped,true
GET,"/companies/:companyId/chat-assistant/:sessionId/messages",chatAssistant.routes.ts,scoped,true
GET,"/companies/:companyId/clientes/",clientes.routes.ts,scoped,true
POST,"/companies/:companyId/clientes/",clientes.routes.ts,scoped,true
DELETE,"/companies/:companyId/clientes/:id",clientes.routes.ts,scoped,true
GET,"/companies/:companyId/clientes/:id",clientes.routes.ts,scoped,true
PUT,"/companies/:companyId/clientes/:id",clientes.routes.ts,scoped,true
GET,"/companies/:companyId/clientes/buscar",clientes.routes.ts,scoped,true
GET,"/companies/:companyId/compliance/alertas",compliance.routes.ts,scoped,true
GET,"/companies/:companyId/compliance/alertas/historico",compliance.routes.ts,scoped,true
GET,"/companies/:companyId/compras/",compras.routes.ts,scoped,true
GET,"/companies/:companyId/compras/:id",compras.routes.ts,scoped,true
POST,"/companies/:companyId/conciliacion/proponer",conciliacion.routes.ts,scoped,true
GET,"/companies/:companyId/cuadre-bancos/",cuadreBancos.routes.ts,scoped,true
GET,"/companies/:companyId/cuadre-bancos/chequeo-cierre",cuadreBancos.routes.ts,scoped,true
GET,"/companies/:companyId/cuadre-bancos/config",cuadreBancos.routes.ts,scoped,true
PUT,"/companies/:companyId/cuadre-bancos/config",cuadreBancos.routes.ts,scoped,true
GET,"/companies/:companyId/extractos/cuentas/:cuentaId/extracto",extractos.routes.ts,scoped,true
GET,"/companies/:companyId/extractos/cuentas/:cuentaId/extracto.csv",extractos.routes.ts,scoped,true
GET,"/companies/:companyId/extractos/cuentas/:cuentaId/revision",extractos.routes.ts,scoped,true
GET,"/companies/:companyId/fiscal-years/",fiscalYears.routes.ts,scoped,true
POST,"/companies/:companyId/fiscal-years/",fiscalYears.routes.ts,scoped,true
GET,"/companies/:companyId/impuestos/calculate",impuestosModulo.routes.ts,scoped,true
POST,"/companies/:companyId/impuestos/generate-pdf",impuestosModulo.routes.ts,scoped,true
GET,"/companies/:companyId/impuestos/ingresos-gastos/excel",impuestosModulo.routes.ts,scoped,true
GET,"/companies/:companyId/impuestos/modelos",impuestosModulo.routes.ts,scoped,true
GET,"/companies/:companyId/impuestos/modelos/:modeloId",impuestosModulo.routes.ts,scoped,true
PUT,"/companies/:companyId/impuestos/modelos/:modeloId",impuestosModulo.routes.ts,scoped,true
POST,"/companies/:companyId/impuestos/modelos/:modeloId/listo-para-presentar",impuestosModulo.routes.ts,scoped,true
POST,"/companies/:companyId/impuestos/modelos/:modeloId/no-presentado",impuestosModulo.routes.ts,scoped,true
POST,"/companies/:companyId/impuestos/modelos/:modeloId/omitir",impuestosModulo.routes.ts,scoped,true
GET,"/companies/:companyId/impuestos/modelos/:modeloId/pdf",impuestosModulo.routes.ts,scoped,true
POST,"/companies/:companyId/impuestos/modelos/:modeloId/recalcular",impuestosModulo.routes.ts,scoped,true
POST,"/companies/:companyId/impuestos/modelos/:modeloId/recuperar",impuestosModulo.routes.ts,scoped,true
GET,"/companies/:companyId/impuestos/modelos/:modeloId/txt",impuestosModulo.routes.ts,scoped,true
GET,"/companies/:companyId/income-reader/:id",income-reader.routes.ts,scoped,true
PUT,"/companies/:companyId/income-reader/:id",income-reader.routes.ts,scoped,true
POST,"/companies/:companyId/income-reader/:id/reject",income-reader.routes.ts,scoped,true
POST,"/companies/:companyId/income-reader/:id/verify",income-reader.routes.ts,scoped,true
GET,"/companies/:companyId/income-reader/config",income-reader.routes.ts,scoped,true
POST,"/companies/:companyId/income-reader/config",income-reader.routes.ts,scoped,true
POST,"/companies/:companyId/income-reader/email-hook",income-reader.routes.ts,scoped,true
POST,"/companies/:companyId/income-reader/mobile-upload",income-reader.routes.ts,scoped,true
GET,"/companies/:companyId/income-reader/pending",income-reader.routes.ts,scoped,true
POST,"/companies/:companyId/income-reader/web-upload",income-reader.routes.ts,scoped,true
GET,"/companies/:companyId/invoices/",income-invoices.routes.ts,scoped,true
POST,"/companies/:companyId/invoices/",income-invoices.routes.ts,scoped,true
GET,"/companies/:companyId/invoices/:id",income-invoices.routes.ts,scoped,true
POST,"/companies/:companyId/invoices/:id/credit-note",income-invoices.routes.ts,scoped,true
POST,"/companies/:companyId/invoices/:id/make-recurring",income-invoices.routes.ts,scoped,true
POST,"/companies/:companyId/invoices/:id/send-email",income-invoices.routes.ts,scoped,true
PATCH,"/companies/:companyId/invoices/:id/status",income-invoices.routes.ts,scoped,true
GET,"/companies/:companyId/invoices/resumen/periodo",income-invoices.routes.ts,scoped,true
GET,"/companies/:companyId/legal-config/",legalConfig.routes.ts,scoped,true
PUT,"/companies/:companyId/legal-config/",legalConfig.routes.ts,scoped,true
GET,"/companies/:companyId/modelo-200/fichero",impuestoSociedades.routes.ts,scoped,true
GET,"/companies/:companyId/modelo-200/preview",impuestoSociedades.routes.ts,scoped,true
GET,"/companies/:companyId/nominas/resumen",nominas.routes.ts,scoped,true
POST,"/companies/:companyId/nominas/resumen",nominas.routes.ts,scoped,true
GET,"/companies/:companyId/periodos/",periodos.routes.ts,scoped,true
PUT,"/companies/:companyId/periodos/:mes/estado",periodos.routes.ts,scoped,true
POST,"/companies/:companyId/periodos/cierre",periodos.routes.ts,scoped,true
GET,"/companies/:companyId/plan-contable/subcuentas",planContable.routes.ts,scoped,true
POST,"/companies/:companyId/plan-contable/subcuentas",planContable.routes.ts,scoped,true
DELETE,"/companies/:companyId/plan-contable/subcuentas/:id",planContable.routes.ts,scoped,true
PUT,"/companies/:companyId/plan-contable/subcuentas/:id",planContable.routes.ts,scoped,true
POST,"/companies/:companyId/plan-contable/subcuentas/gasto-rapido",planContable.routes.ts,scoped,true
GET,"/companies/:companyId/plantillas/",plantillasDocumento.routes.ts,scoped,true
POST,"/companies/:companyId/plantillas/",plantillasDocumento.routes.ts,scoped,true
DELETE,"/companies/:companyId/plantillas/:plantillaId",plantillasDocumento.routes.ts,scoped,true
GET,"/companies/:companyId/plantillas/:plantillaId",plantillasDocumento.routes.ts,scoped,true
PUT,"/companies/:companyId/plantillas/:plantillaId",plantillasDocumento.routes.ts,scoped,true
GET,"/companies/:companyId/plantillas/tipo/:tipoDocumento/predeterminada",plantillasDocumento.routes.ts,scoped,true
GET,"/companies/:companyId/productos/",productos.routes.ts,scoped,true
POST,"/companies/:companyId/productos/",productos.routes.ts,scoped,true
DELETE,"/companies/:companyId/productos/:id",productos.routes.ts,scoped,true
GET,"/companies/:companyId/productos/:id",productos.routes.ts,scoped,true
PUT,"/companies/:companyId/productos/:id",productos.routes.ts,scoped,true
GET,"/companies/:companyId/proveedores/",proveedores.routes.ts,scoped,true
POST,"/companies/:companyId/proveedores/",proveedores.routes.ts,scoped,true
DELETE,"/companies/:companyId/proveedores/:id",proveedores.routes.ts,scoped,true
GET,"/companies/:companyId/proveedores/:id",proveedores.routes.ts,scoped,true
PUT,"/companies/:companyId/proveedores/:id",proveedores.routes.ts,scoped,true
GET,"/companies/:companyId/proveedores/buscar",proveedores.routes.ts,scoped,true
GET,"/companies/:companyId/reglas-contables/",reglasContables.routes.ts,scoped,true
PUT,"/companies/:companyId/reglas-contables/",reglasContables.routes.ts,scoped,true
GET,"/companies/:companyId/reports/analytics/by-customer",reports.routes.ts,scoped,true
GET,"/companies/:companyId/reports/analytics/monthly",reports.routes.ts,scoped,true
GET,"/companies/:companyId/reports/balance",reports.routes.ts,scoped,true
GET,"/companies/:companyId/reports/expenses",reports.routes.ts,scoped,true
GET,"/companies/:companyId/reports/income",reports.routes.ts,scoped,true
GET,"/companies/:companyId/reports/ledger",reports.routes.ts,scoped,true
GET,"/companies/:companyId/reports/profit-and-loss",reports.routes.ts,scoped,true
GET,"/companies/:companyId/reports/result",reports.routes.ts,scoped,true
GET,"/companies/:companyId/reports/retentions",reports.routes.ts,scoped,true
GET,"/companies/:companyId/reports/treasury",reports.routes.ts,scoped,true
GET,"/companies/:companyId/reports/vat",reports.routes.ts,scoped,true
GET,"/companies/:companyId/series/",series.routes.ts,scoped,true
POST,"/companies/:companyId/series/",series.routes.ts,scoped,true
PUT,"/companies/:companyId/series/:id",series.routes.ts,scoped,true
POST,"/companies/:companyId/sugerencias/subcuenta-familia",sugerenciasContables.routes.ts,scoped,true
POST,"/companies/:companyId/sugerencias/subcuenta-tercero",sugerenciasContables.routes.ts,scoped,true
GET,"/companies/:companyId/tax/export/modelo-303",tax.routes.ts,scoped,true
GET,"/companies/:companyId/tax/retentions/summary",tax.routes.ts,scoped,true
GET,"/companies/:companyId/tax/vat/books/issued",tax.routes.ts,scoped,true
GET,"/companies/:companyId/tax/vat/books/received",tax.routes.ts,scoped,true
GET,"/companies/:companyId/tax/vat/summary",tax.routes.ts,scoped,true
DELETE,"/companies/:id",companies.routes.ts,protected,true
GET,"/companies/:id",companies.routes.ts,protected,true
PUT,"/companies/:id",companies.routes.ts,protected,true
GET,"/fiscal-years/:fyId/annual-accounts",registroMercantil.routes.ts,protected,true
POST,"/fiscal-years/:fyId/annual-accounts/generate",registroMercantil.routes.ts,protected,true
GET,"/fiscal-years/:fyId/books",registroMercantil.routes.ts,protected,true
POST,"/fiscal-years/:fyId/books/generate",registroMercantil.routes.ts,protected,true
POST,"/fiscal-years/:fyId/close",registroMercantil.routes.ts,protected,true
GET,"/fiscal-years/:fyId/deadlines",registroMercantil.routes.ts,protected,true
POST,"/fiscal-years/:fyId/legalization-package",registroMercantil.routes.ts,protected,true
PATCH,"/legalization-packages/:packageId",registroMercantil.routes.ts,protected,true
POST,"/legalization-packages/:packageId/diligence",registroMercantil.routes.ts,protected,true
GET,"/legalization-packages/:packageId/download",registroMercantil.routes.ts,protected,true
GET,"/users/",users.routes.ts,protected,true
POST,"/users/",users.routes.ts,protected,true
DELETE,"/users/:id",users.routes.ts,protected,true
GET,"/users/:id",users.routes.ts,protected,true
PUT,"/users/:id",users.routes.ts,protected,true